"关键字","趋势","印象数"
"机场vpn官网","[20]","20"
"便宜梯子推荐","[20]","20"
"稳定梯子推荐","[21]","21"
"高性价比机场","[21]","21"
"便宜好用机场","[21]","21"
"sharkcloud梯子","[26]","26"
"最新机场推荐","[28]","28"
"梯子排行榜","[29]","29"
"电脑机场","[29]","29"
"国内梯子推荐","[30]","30"
"梯子排行","[21,20]","41"
"机场代理节点","[27,21]","48"
"vpn专线","[21,22,22]","65"
"最新机场","[23,53]","76"
"梯子大全","[26,30,26]","82"
"geevpn优惠码","[20,84]","104"
"蓝梯机场","[29,44,43]","116"
"机场稳定","[28,20,21,24,25]","118"
"机场 梯子","[20,25,22,22,33]","122"
"梯子云","[39,23,42,34]","138"
"宝可梦机场优惠码","[22,28,26,37,26]","139"
"梯子测评","[22,20,20,21,28,31]","142"
"梯子导航","[21,28,29,29,37]","144"
"vpn是梯子吗","[21,22,33,23,25,22]","146"
"机场翻墙","[21,20,23,44,28,23]","159"
"梯子是什么","[26,21,20,25,21,20,30]","163"
"vowa梯子","[21,23,36,46,26,27]","179"
"靠谱机场","[22,25,23,27,22,21,25,23]","188"
"穿墙猫机场","[23,24,29,26,26,22,41]","191"
"github梯子推荐","[22,29,27,27,22,30,37]","194"
"红叶vpn","[41,24,33,32,36,33]","199"
"好用的梯子软件","[30,29,29,25,23,22,27,22]","207"
"性价比vpn","[27,26,25,35,34,27,33]","207"
"便宜好用的梯子","[22,21,31,28,22,26,29,28,20]","227"
"网络机场","[52,29,28,37,50,37]","233"
"顶级机场vpn","[30,25,24,26,26,30,55,31]","247"
"梯子加速","[22,21,33,23,37,36,33,25,26]","256"
"梯子翻推荐","[38,72,49,56,60]","275"
"翻墙节点","[20,34,32,36,25,32,35,23,33,25]","295"
"翻墙机场.com","[42,31,26,23,40,29,26,26,31,23]","297"
"机场梯子推荐","[33,34,29,25,30,34,34,23,23,36,37]","338"
"手机梯子推荐","[29,39,33,29,31,29,24,32,28,25,21,40]","360"
"vpn梯子推荐","[27,24,42,23,27,36,26,38,39,23,31,25]","361"
"科学上网梯子","[34,44,39,33,24,31,44,37,26,25,34]","371"
"机场链接","[40,31,27,26,28,22,43,41,41,26,48]","373"
"便宜的梯子","[29,47,29,21,41,31,32,35,31,43,40]","379"
"vpn 梯子","[29,33,26,33,40,30,34,34,31,24,24,42]","380"
"小猫梯子","[27,23,46,26,28,23,27,25,35,33,51,47]","391"
"国内梯子","[27,41,27,39,45,32,31,28,24,27,31,43]","395"
"便宜好用的机场","[31,29,30,34,30,38,36,32,34,43,58]","395"
"宝可梦加速器优惠码","[28,45,46,23,34,36,36,40,27,48,35]","398"
"机场订阅推荐","[29,27,28,30,31,27,38,41,43,28,41,41]","404"
"宝可梦梯子","[32,21,33,37,24,27,63,36,23,32,50,42]","420"
"梯子翻墙","[44,49,42,47,38,39,35,32,35,27,27,27]","442"
"好用梯子","[30,30,33,48,45,33,36,24,26,34,50,54]","443"
"翻墙梯子推荐","[33,46,39,48,44,30,26,34,31,25,54,38]","448"
"梯子购买","[38,42,35,46,28,43,47,31,24,48,33,34]","449"
"好用机场","[38,23,27,33,20,27,44,53,49,79,69]","462"
"宝可梦机场官网","[25,25,29,27,35,53,30,28,51,53,67,54]","477"
"便宜的机场","[27,39,60,35,29,35,37,50,37,55,41,49]","494"
"机场 vpn","[31,27,20,26,26,21,53,56,62,60,67,57]","506"
"便宜梯子","[36,36,49,51,50,43,37,33,43,41,47,42]","508"
"机场梯子clash","[60,49,54,43,90,85,46,23,24,41]","515"
"机场 github","[45,33,33,49,23,38,46,42,42,55,58,63]","527"
"科学上网 爬梯子","[57,38,35,41,40,64,42,52,39,37,51,39]","535"
"机场github","[36,36,37,42,49,42,51,50,57,55,51,38]","544"
"xsus优惠码","[38,54,50,59,39,30,44,44,48,35,52,61]","554"
"科学上网推荐","[62,53,38,56,46,38,36,44,51,34,60,45]","563"
"github机场推荐","[54,43,71,25,53,24,55,45,46,31,53,85]","585"
"梯子测速","[28,41,40,43,42,46,48,56,62,55,53,72]","586"
"梯子免费加速器vpn下载","[20,23,20,24,25,31,58,53,89,99,84,66]","592"
"蓝胖云机场","[52,61,55,79,50,53,42,40,37,31,53,57]","610"
"稳定机场推荐","[44,45,39,45,60,47,59,55,52,46,82,92]","666"
"代理机场","[40,38,69,58,47,56,50,58,46,69,73,71]","675"
"机场推荐便宜","[38,39,39,38,48,40,44,102,95,64,87,90]","724"
"vpn节点购买","[56,64,80,67,60,61,71,56,62,77,49,56]","759"
"xingjiabijichang","[53,52,59,66,69,80,54,73,73,51,59,80]","769"
"vpn 机场","[66,50,63,47,61,57,72,69,79,81,66,72]","783"
"梯子vpn推荐","[76,69,64,77,82,68,67,66,73,62,43,37]","784"
"机场购买","[43,44,33,57,57,59,64,67,99,85,84,109]","801"
"便宜机场推荐","[60,65,73,60,64,61,42,56,97,58,98,85]","819"
"vpn机场推荐","[75,92,75,72,72,72,55,72,71,86,61,96]","899"
"clash梯子","[87,78,71,87,86,77,69,55,91,65,65,84]","915"
"梯子机场","[55,58,59,54,58,79,74,77,88,85,124,120]","931"
"best ssr","[25,49,163,215,121,74,48,51,40,56,41,48]","931"
"便宜的vpn","[84,88,62,92,112,91,49,88,76,77,58,93]","970"
"稳定梯子","[59,79,93,80,85,78,96,64,74,90,65,109]","972"
"红杏云优惠码","[88,62,78,109,105,70,55,99,97,81,71,62]","977"
"机场测速","[90,72,81,77,83,97,89,92,83,95,97,88]","1044"
"梯子节点","[122,97,97,81,104,83,72,91,78,69,77,90]","1061"
"jichang","[61,81,84,74,88,80,115,84,120,103,99,114]","1103"
"代理节点","[106,67,105,89,121,110,96,76,103,92,77,89]","1131"
"便宜vpn","[83,76,65,123,129,112,111,83,113,91,75,83]","1144"
"稳定的梯子","[113,114,96,102,145,97,86,89,82,88,105,101]","1218"
"机场节点推荐","[105,90,115,105,108,86,106,92,99,79,149,137]","1271"
"好用的梯子推荐","[75,121,108,110,122,111,129,107,88,91,125,126]","1313"
"机场 推荐","[133,68,96,71,116,97,101,107,146,123,128,128]","1314"
"手机梯子","[147,191,134,111,146,115,90,80,87,112,104,134]","1451"
"机场代理","[77,103,87,123,80,81,133,151,142,155,167,160]","1459"
"性价 比高 机场","[125,123,115,110,143,146,145,118,117,113,131,147]","1533"
"加速器翻墙","[104,117,148,174,127,109,129,108,141,166,151,99]","1573"
"免费的梯子","[151,136,139,176,142,136,106,108,172,139,129,162]","1696"
"性价比机场net","[139,133,143,165,151,115,138,124,154,158,180,149]","1749"
"稳定机场","[201,174,161,186,182,166,143,189,209,151,233,230]","2225"
"好用的机场","[273,212,225,220,246,218,197,244,244,209,295,236]","2819"
"翻墙机场","[198,233,187,220,277,313,322,214,266,211,296,255]","2992"
"性价比机场官网入口","[265,308,290,334,346,310,258,286,287,295,310,372]","3661"
"节点推荐","[350,261,312,327,428,314,305,333,384,337,380,363]","4094"
"梯子猫","[159,294,463,333,264,291,297,350,383,389,424,456]","4103"
"梯子vpn","[432,353,329,344,401,375,397,288,351,285,304,291]","4150"
"梯子软件哪个好用","[61,125,501,294,97,87,319,535,542,550,523,601]","4235"
"机场测评","[309,224,284,317,426,385,346,304,378,317,519,475]","4284"
"梯子下载","[449,300,335,450,458,400,352,351,458,277,217,247]","4294"
"梯子免费加速","[29,71,260,217,63,40,354,692,841,691,531,544]","4333"
"翻墙梯子","[382,318,331,411,452,377,377,314,409,382,309,369]","4431"
"国外加速器免费翻墙","[304,300,396,575,496,332,337,460,760,410,185,96]","4651"
"性价比飞机场","[374,400,368,379,427,396,362,358,403,418,419,568]","4872"
"vpn梯子","[435,493,429,475,453,438,453,407,474,391,317,373]","5138"
"机场订阅","[465,409,401,391,349,335,436,431,476,547,518,611]","5369"
"加速器梯子","[682,603,651,598,549,390,323,275,397,392,284,339]","5483"
"bestssr","[195,237,1072,1035,692,506,465,302,251,260,264,264]","5543"
"vpn机场","[373,327,383,341,351,367,508,499,541,589,636,639]","5554"
"怎么翻墙","[462,545,461,527,527,530,503,507,508,410,405,489]","5874"
"便宜机场","[440,560,648,476,501,392,505,485,501,547,539,582]","6176"
"国外加速器","[153,166,185,2112,512,1918,668,138,206,149,129,144]","6480"
"vpn节点","[578,556,581,645,658,508,536,515,544,569,470,556]","6716"
"机场vpn","[390,407,505,352,397,407,680,888,775,838,881,826]","7346"
"好用的vpn","[795,761,777,678,722,639,607,562,611,604,567,749]","8072"
"顶级机场","[775,682,640,654,703,698,543,606,586,582,1213,762]","8444"
"机场节点","[742,652,792,717,712,661,842,853,863,937,977,879]","9627"
"好用的梯子","[848,874,780,907,965,795,748,746,758,773,777,841]","9812"
"宝可梦加速器","[655,608,885,897,856,773,778,772,843,935,959,952]","9913"
"机场推荐 clash","[1271,1204,1295,1371,1566,1579,515,389,290,206,159,220]","10065"
"免费翻墙加速器","[874,804,944,1341,1598,1311,1172,1301,1649,803,208,50]","12055"
"梯子推荐","[1145,1108,993,1214,1273,1330,1123,1100,1070,1070,1230,1289]","13945"
"蓝胖云","[1926,1964,1719,1790,1803,1644,1380,1414,1544,1424,1815,1879]","20302"
"加速器vpn","[1853,1733,1778,2146,2262,2254,1930,1810,2245,2193,2017,1691]","23912"
"梯子工具","[654,1496,2617,1990,1433,1273,1965,2603,2880,2456,2454,2635]","24456"
"性价比机场","[2168,2298,2270,2355,2450,2457,2078,2095,2503,2364,2542,2680]","28260"
"vpn推荐","[2748,2589,2642,2622,3046,2774,2682,2619,3041,2732,2673,2866]","33034"
"mitce","[3446,3009,3000,3013,3035,3021,3020,2722,3324,3303,4166,4448]","39507"
"机场推荐","[6650,6085,6356,6747,7348,6932,5755,6523,7331,6258,7087,6712]","79784"
"vpn","[228049,222482,231412,243791,239524,215069,207989,211161,221072,236063,230731,237395]","2724738"
